{
    "match_id": "20717",
    "series_id": "2730",
    "series_name": "The Ashes 2019",
    "data_path": "2019/2019_ASHES/ENG_AUS_AUG22_AUG26/",
    "header": {
        "start_time": "1566468000",
        "end_time": "1566746280",
        "state": "mom",
        "winning_team_id": 9,
        "match_desc": "3rd Test",
        "mom": [
            6557
        ],
        "momNames": [
            "Stokes"
        ],
        "type": "TEST",
        "state_title": "ENG Won",
        "toss": "England elect to bowl",
        "status": "ENG won by 1 wkt"
    },
    "alerts": "1",
    "venue": {
        "name": "Headingley",
        "location": "Leeds, England",
        "timezone": "+01:00",
        "lat": "53.817622",
        "long": "-1.58211"
    },
    "over_summary": {
        "over": "10",
        "ball_def": "60",
        "rem_over": "10",
        "runs": "76",
        "wickets": "0",
        "fours": "4",
        "sixes": "7"
    },
    "bat_team": {
        "id": "9",
        "name": "ENG",
        "innings": [
            {
                "id": "2",
                "score": "67",
                "wkts": "10",
                "overs": "27.5"
            },
            {
                "id": "4",
                "score": "362",
                "wkts": "9",
                "overs": "125.4"
            }
        ]
    },
    "bow_team": {
        "id": "4",
        "name": "AUS",
        "innings": [
            {
                "id": "1",
                "score": "179",
                "wkts": "10",
                "overs": "52.1"
            },
            {
                "id": "3",
                "score": "246",
                "wkts": "10",
                "overs": "75.2"
            }
        ]
    },
    "batsman": [
        {
            "id": "6557",
            "name": "Stokes",
            "strike": "1",
            "r": "135",
            "b": "219",
            "4s": "11",
            "6s": "8"
        },
        {
            "id": "8578",
            "name": "Jack Leach",
            "strike": "0",
            "r": "1",
            "b": "17",
            "4s": "0",
            "6s": "0"
        }
    ],
    "bowler": [
        {
            "id": "8095",
            "name": "Pat Cummins",
            "o": "24.4",
            "m": "5",
            "r": "80",
            "w": "1"
        }
    ],
    "crr": "2.88",
    "overs_left": "0",
    "target": "359",
    "prtshp": "76(62)",
    "last_wkt": "554",
    "last_wkt_name": "Broad",
    "last_wkt_score": "0 (2)",
    "comm_lines": [
        {
            "timestamp": "1566747592369",
            "comm": "<b>Breathe. Please breathe.</b> So 2005 debates around the non-presence of DRS. 2019 will debate around the wastage of DRS. And Joel Wilson. Oh yea, and also Ben Stokes. 1981, Sir Ian Botham, you've officially been replaced. It isn't often in life when a Sunday lives up to its reputation, and when it does, your life will find meaning. While we await our ventilators, I, <b>Vineet Anantharaman</b>, sign off on behalf of the other partners in crime, <b>Sagar Chawla</b> and <b>Rishi Roy</b>. Also our scorer, <b>Harish</b>. And until the end of our lives in the search of a bigger high, ta ta!!"
        },
        {
            "timestamp": "1566747176682",
            "comm": "Surprise, surprise, <b>Ben Stokes</b> is the <b>Man of the Match</b>. Really, him? Why?"
        },
        {
            "timestamp": "1566746793927",
            "evt": "comments",
            "bgcolor": "232,243,254",
            "img": "http://i.cricketcb.com/i/news/fth/60x60/images/authorImages/170.jpg",
            "link": "cricbuzz://comments?page=http://mapps.cricbuzz.com/cbzios/match/20717/expert-comments/170",
            "comm": "<b>Harsha Bhogle</b>: Headingley. Botham. Stokes. Sits comfortably. One of the great innings you will ever see. England won it as much as Australia lost it. There is no greater sport than test cricket. May it long survive.."
        },
        {
            "timestamp": "1566746793821",
            "comm": "It was lost when England crumbled out for 67. It was lost when they had to chase down a 359-run never-done-before mountain. It was lost when Roy and Rory did nothing to strengthen the chase. It was lost when Root fell early this morning. It was lost when Stokes sold Buttler down the river. It was lost when Archer thought it to be wise to slog them around for fun. It was lost when Broad couldn't keep out a yorker. It was lost when Leach brain-exploded a single-that-wasn't. It was lost when Stokes swept himself plumb. <b>Alas, it wasn't. It was won. </b>"
        },
        {
            "timestamp": "1566746445620",
            "comm": "<b>Highest successful chases for England:</b><br/>359 vs Aus Leeds 2019<br/>332 vs Aus MCG 1928/29<br/>315 vs Aus Leeds 2001<br/>305 vs NZ Christchurch 1996/97"
        },
        {
            "timestamp": "1566746418625",
            "comm": "<b>Highest 10th wicket partnership in successful 4th innings chases:</b><br/>78* Kusal Perera - Vishwa Fernando v SA Durban 2019<br/>76* Ben Stokes - Jack Leach v Aus Leeds 2019<br/>57* Inzamam - Mushtaq Ahmed v Aus Karachi 1994<br/>"
        },
        {
            "timestamp": "1566746364634",
            "comm": "<b>One wicket wins for England in Tests:</b><br/>vs Aus Oval 1902<br/>vs Aus MCG 1907/08<br/>vs SA Cape Town 1922/23<br/>vs Aus Leeds 2019*"
        },
        {
            "timestamp": "1566746310643",
            "comm": "<b>16:21 Local Time, 15:21 GMT, 20:51 IST:</b> <i>She's alive.</i> That urn's not going anywhere as yet. Stokes' not going to let it. He's not just broken the door open, he's smashed the room down, <b>blown down the building.</b> And what remains are crushed Australian souls. It was theirs, it really was theirs, it was always theirs. No. Ten Englishmen agreed, one refused, stood around, survived dropped catches, survived misfields, survived run-outs, survived umpiring errors, but survived to script the greatest moment of his life. The Aussies have been dealt with a harsh joke, tearing up the urn's boarding pass."
        },
        {
            "timestamp": "1566746256653",
            "comm": "<b>Jurj says</b>: \"Ben Stokes is playing the innings of is life.\" - Move over Cricket final. Test match cricket returns. Roaring. One of the greatest Test innings of all time."
        },
        {
            "timestamp": "1566746256548",
            "o_no": "125.4",
            "i_id": "4",
            "score": "362",
            "evt": "four",
            "comm": "Pat Cummins to Stokes, <b>FOUR</b>, there. There. <b>THERE</b>. Ben Stokes. Sir Ben Stokes. King Ben Stokes.<b> Lord Ben Stokes. </b>It's the turnaround of Headingley, the miracle of Leeds, and it's all down to one man. One Superman. The <i>true uniform-less beast.</i> He stands up tall, has the width dished out to him, and thumps it away through the covers. He roars, the lion! Somebody, please arrange for a new heart .."
        },
        {
            "timestamp": "1566746179977",
            "o_no": "125.3",
            "i_id": "4",
            "score": "358",
            "comm": "Pat Cummins to Jack Leach, 1 run, <b>and it's a tie</b>. At least. Leach seals himself into future English textbooks, with perhaps the most important single he'd ever take - jabbing it into square leg"
        },
        {
            "timestamp": "1566746114414",
            "o_no": "125.2",
            "i_id": "4",
            "score": "357",
            "comm": "Pat Cummins to Jack Leach, no run, 85mph, short again, proper 1900s bodyline kind. Leach will swish it away, somehow keeping it down to leg gully"
        },
        {
            "timestamp": "1566746078988",
            "o_no": "125.1",
            "i_id": "4",
            "score": "357",
            "comm": "Pat Cummins to Jack Leach, no run, bangs it in short, high over Leach's head"
        },
        {
            "score": "357",
            "wkts": "9",
            "o_no": "124.6",
            "i_id": "4",
            "o_summary": "0 0 6 0 0 0 ",
            "runs": "6",
            "bat_s_name": "6557",
            "bat_s_runs": "131",
            "bat_s_balls": "218",
            "bat_ns_name": "8578",
            "bat_ns_runs": "0",
            "bat_ns_balls": "14",
            "bowl_name": "7850",
            "bowl_overs": "39",
            "bowl_maidens": "5",
            "bowl_runs": "114",
            "bowl_wickets": "2",
            "timestamp": "1566745940259",
            "evt": "over-break"
        },
        {
            "timestamp": "1566745940244",
            "o_no": "124.6",
            "i_id": "4",
            "score": "357",
            "comm": "Lyon to Stokes, no run, <b>massive LBW shout</b> -- and then the <b>DRS shows three reds</b>. But why isn't it out? Good question. The umpiring is, well .. rubbish .. and then Australia's reviewing is, well .. more rubbish. All off a Stokes sweep, which he misses, and takes it on his thighs plumb in front of middle"
        },
        {
            "timestamp": "1566745897751",
            "o_no": "124.5",
            "i_id": "4",
            "score": "357",
            "comm": "Lyon to Stokes, no run, <b>and the Aussies choke</b>. It's reverse-swept to point, Stokes doesn't react, but Leach is charging halfway down the pitch, and the then when he's sent back, <b>Lyon fumbles the return throw</b>. This was dead, the nail was right there"
        },
        {
            "timestamp": "1566745869474",
            "o_no": "124.4",
            "i_id": "4",
            "score": "357",
            "comm": "Lyon to Stokes, no run, pushed through quicker - slapped straight to point. They had the time to sneak in the single, gain the tie, but no, Stokes doesn't want a tie, he wants the urn"
        },
        {
            "timestamp": "1566745813189",
            "o_no": "124.3",
            "i_id": "4",
            "score": "357",
            "evt": "six",
            "comm": "Lyon to Stokes, <b>SIX</b>, there - <b>it's down to Edgbaston 2005</b>. Stokes nails this hoick, and when even the tallest man in cricket can't leap up right, nobody can. Somebody. Please. Call. The. Doctor."
        },
        {
            "timestamp": "1566745782855",
            "o_no": "124.2",
            "i_id": "4",
            "score": "351",
            "comm": "Lyon to Stokes, no run, pushed through quicker, sneaks under the cut this time"
        },
        {
            "timestamp": "1566745764087",
            "o_no": "124.1",
            "i_id": "4",
            "score": "351",
            "comm": "Lyon to Stokes, no run, serious cut off the back foot, picks sweeper, where Wade deliberately(?) fumbles, tempting the mad-running"
        },
        {
            "score": "351",
            "wkts": "9",
            "o_no": "123.6",
            "i_id": "4",
            "o_summary": "0 4 4 1 0 0 ",
            "runs": "9",
            "bat_s_name": "8578",
            "bat_s_runs": "0",
            "bat_s_balls": "14",
            "bat_ns_name": "6557",
            "bat_ns_runs": "125",
            "bat_ns_balls": "212",
            "bowl_name": "8095",
            "bowl_overs": "24",
            "bowl_maidens": "5",
            "bowl_runs": "75",
            "bowl_wickets": "1",
            "timestamp": "1566745639223",
            "evt": "over-break"
        },
        {
            "timestamp": "1566745639208",
            "o_no": "123.6",
            "i_id": "4",
            "score": "351",
            "comm": "Pat Cummins to Jack Leach, no run, leg-lined yorker. Leach can't lay bat, but it's pitching clearly down leg as he gets pinned on the front leg. There's barely an appeal, but when desperation hits, why not kill time in reviewing. So the Aussies do, and it's clearly pitching a foot down"
        },
        {
            "timestamp": "1566745599613",
            "o_no": "123.5",
            "i_id": "4",
            "score": "351",
            "comm": "Pat Cummins to Jack Leach, no run, survies. An awkward jump up, <i>somehow</i> not fending the bouncer away to anybody, somebody"
        },
        {
            "timestamp": "1566745510821",
            "comm": "Clean your spectacles .."
        },
        {
            "timestamp": "1566745507821",
            "o_no": "123.4",
            "i_id": "4",
            "score": "351",
            "comm": "Pat Cummins to Stokes, 1 run, slower one, tapped through mid-off, calls for the second, but is quick to realize the fielder converging quicker. Declines .."
        },
        {
            "timestamp": "1566745446206",
            "o_no": "123.3",
            "i_id": "4",
            "score": "350",
            "evt": "four",
            "comm": "Pat Cummins to Stokes, <b>FOUR</b>, into single-digits now .. with the most audacious rock-back-smash-down. Oh the nerve, the character. It's under another dive, Hazlewood's"
        },
        {
            "timestamp": "1566745400891",
            "comm": "<b>Rishabh j says</b>: \"And people say \"test match kaun dekhta hai yaar?\" - Translation: \"Who watches Test matches?\"; don't think I need to answer this..."
        },
        {
            "timestamp": "1566745400786",
            "o_no": "123.2",
            "i_id": "4",
            "score": "346",
            "evt": "four",
            "comm": "Pat Cummins to Stokes, <b>FOUR</b>, carted over square leg. Another fielder dives, poor guy, and the ball dips just wide of him"
        },
        {
            "timestamp": "1566745353988",
            "o_no": "123.1",
            "i_id": "4",
            "score": "342",
            "comm": "Pat Cummins to Stokes, no run, <b>catch down</b>. Stokes swings wildly in wanting to pump it down the ground. Only a thick edge. And Harris, after doing all the hard work of running in from fine leg gets his right palm to it too, but it just won't stick"
        },
        {
            "timestamp": "1566745335923",
            "comm": "<b>Pat Cummins [23.0-5-66-1] is back into the attack</b>"
        }
    ],
    "range": "5",
    "pulltoRefreshStopRate": 5,
    "burst_cache_id": 0,
    "burst_cache": true,
    "burst_cache_time": 3600
}
