{
  "schedule": [
    {
      "id": 4,
      "matchid": "20237",
      "seriesid": "2697",
      "nxt_day": "0",
      "team1": "9",
      "team2": "11",
      "team1Key": "eng",
      "team2Key": "rsa",
      "desc": "Eng vs RSA, Match 1",
      "tr": "1",
      "mom": "",
      "start": 0,
      "tw": 0,
      "mchState": "",
      "win": 0,
      "strttm": "15:00",
      "strtdt": "Thu 30",
      "dt": "May 30,2019",
      "ddt": "Thu 30",
      "ddtcode": "1905",
      "vnu": "The Oval, London",
      "mnth_yr": "May,2019",
      "alert": "1 ,",
      "result": "England won by 104 runs",
      "isTest": "0",
      "matchTypeId": "2",
      "created_at": "2019-05-31 03:28:01",
      "updated_at": "2018-05-01 02:06:08"
    },
    {
      "id": 5,
      "matchid": "20238",
      "seriesid": "2697",
      "nxt_day": "0",
      "team1": "10",
      "team2": "3",
      "team1Key": "wi",
      "team2Key": "pak",
      "desc": "WI vs Pak, Match 2",
      "tr": "1",
      "mom": "",
      "start": 0,
      "tw": 0,
      "mchState": "",
      "win": 0,
      "strttm": "15:00",
      "strtdt": "Fri 31",
      "dt": "May 31,2019",
      "ddt": "Fri 31",
      "ddtcode": "1905",
      "vnu": "Trent Bridge, Nottingham",
      "mnth_yr": "May,2019",
      "alert": "1 ,",
      "result": "West Indies won by 7 wkts",
      "isTest": "0",
      "matchTypeId": "2",
      "created_at": "2019-06-10 01:20:35",
      "updated_at": "2019-06-10 01:20:35"
    },
    {
      "id": 6,
      "matchid": "20239",
      "seriesid": "2697",
      "nxt_day": "0",
      "team1": "13",
      "team2": "5",
      "team1Key": "nz",
      "team2Key": "sl",
      "desc": "NZ vs SL, Match 3",
      "tr": "1",
      "mom": "",
      "start": 0,
      "tw": 0,
      "mchState": "",
      "win": 0,
      "strttm": "15:00",
      "strtdt": "Sat 01",
      "dt": "Jun 01,2019",
      "ddt": "Sat 01",
      "ddtcode": "1906",
      "vnu": "Sophia Gardens, Cardiff",
      "mnth_yr": "Jun,2019",
      "alert": "1 ,",
      "result": "New Zealand won by 10 wkts",
      "isTest": "0",
      "matchTypeId": "2",
      "created_at": "2019-06-10 01:20:41",
      "updated_at": "2019-06-10 01:20:41"
    },
    {
      "id": 7,
      "matchid": "20240",
      "seriesid": "2697",
      "nxt_day": "0",
      "team1": "96",
      "team2": "4",
      "team1Key": "afg",
      "team2Key": "aus",
      "desc": "Afg vs Aus, Match 4",
      "tr": "1",
      "mom": "",
      "start": 0,
      "tw": 0,
      "mchState": "",
      "win": 0,
      "strttm": "18:00",
      "strtdt": "Sat 01",
      "dt": "Jun 01,2019",
      "ddt": "Sat 01",
      "ddtcode": "1906",
      "vnu": "County Ground, Bristol",
      "mnth_yr": "Jun,2019",
      "alert": "1 ,",
      "result": "Australia won by 7 wkts",
      "isTest": "0",
      "matchTypeId": "2",
      "created_at": "2019-06-10 01:20:50",
      "updated_at": "2019-06-10 01:20:50"
    },
    {
      "id": 8,
      "matchid": "20241",
      "seriesid": "2697",
      "nxt_day": "0",
      "team1": "11",
      "team2": "6",
      "team1Key": "rsa",
      "team2Key": "ban",
      "desc": "RSA vs Ban, Match 5",
      "tr": "1",
      "mom": "",
      "start": 0,
      "tw": 0,
      "mchState": "",
      "win": 0,
      "strttm": "15:00",
      "strtdt": "Sun 02",
      "dt": "Jun 02,2019",
      "ddt": "Sun 02",
      "ddtcode": "1906",
      "vnu": "The Oval, London",
      "mnth_yr": "Jun,2019",
      "alert": "1 ,",
      "result": "Bangladesh won by 21 runs",
      "isTest": "0",
      "matchTypeId": "2",
      "created_at": "2019-06-10 01:20:57",
      "updated_at": "2019-06-10 01:20:57"
    },
    {
      "id": 9,
      "matchid": "20242",
      "seriesid": "2697",
      "nxt_day": "0",
      "team1": "9",
      "team2": "3",
      "team1Key": "eng",
      "team2Key": "pak",
      "desc": "Eng vs Pak, Match 6",
      "tr": "1",
      "mom": "",
      "start": 0,
      "tw": 0,
      "mchState": "",
      "win": 0,
      "strttm": "15:00",
      "strtdt": "Mon 03",
      "dt": "Jun 03,2019",
      "ddt": "Mon 03",
      "ddtcode": "1906",
      "vnu": "Trent Bridge, Nottingham",
      "mnth_yr": "Jun,2019",
      "alert": "1 ,",
      "result": "Pakistan won by 14 runs",
      "isTest": "0",
      "matchTypeId": "2",
      "created_at": "2019-06-10 01:21:01",
      "updated_at": "2019-06-10 01:21:01"
    },
    {
      "id": 10,
      "matchid": "20243",
      "seriesid": "2697",
      "nxt_day": "0",
      "team1": "96",
      "team2": "5",
      "team1Key": "afg",
      "team2Key": "sl",
      "desc": "Afg vs SL, Match 7",
      "tr": "1",
      "mom": "",
      "start": 0,
      "tw": 0,
      "mchState": "",
      "win": 0,
      "strttm": "15:00",
      "strtdt": "Tue 04",
      "dt": "Jun 04,2019",
      "ddt": "Tue 04",
      "ddtcode": "1906",
      "vnu": "Sophia Gardens, Cardiff",
      "mnth_yr": "Jun,2019",
      "alert": "1 ,",
      "result": "Sri Lanka won by 34 runs",
      "isTest": "0",
      "matchTypeId": "2",
      "created_at": "2019-06-10 01:21:07",
      "updated_at": "2019-06-10 01:21:07"
    },
    {
      "id": 11,
      "matchid": "20244",
      "seriesid": "2697",
      "nxt_day": "0",
      "team1": "11",
      "team2": "2",
      "team1Key": "rsa",
      "team2Key": "ind",
      "desc": "RSA vs Ind, Match 8",
      "tr": "1",
      "mom": "",
      "start": 0,
      "tw": 0,
      "mchState": "",
      "win": 0,
      "strttm": "15:00",
      "strtdt": "Wed 05",
      "dt": "Jun 05,2019",
      "ddt": "Wed 05",
      "ddtcode": "1906",
      "vnu": "Rose Bowl, Southampton",
      "mnth_yr": "Jun,2019",
      "alert": "1 ,",
      "result": "India won by 6 wkts",
      "isTest": "0",
      "matchTypeId": "2",
      "created_at": "2019-06-10 01:21:11",
      "updated_at": "2019-06-10 01:21:11"
    },
    {
      "id": 12,
      "matchid": "20245",
      "seriesid": "2697",
      "nxt_day": "0",
      "team1": "6",
      "team2": "13",
      "team1Key": "ban",
      "team2Key": "nz",
      "desc": "Ban vs NZ, Match 9",
      "tr": "1",
      "mom": "",
      "start": 0,
      "tw": 0,
      "mchState": "",
      "win": 0,
      "strttm": "18:00",
      "strtdt": "Wed 05",
      "dt": "Jun 05,2019",
      "ddt": "Wed 05",
      "ddtcode": "1906",
      "vnu": "The Oval, London",
      "mnth_yr": "Jun,2019",
      "alert": "1 ,",
      "result": "New Zealand won by 2 wkts",
      "isTest": "0",
      "matchTypeId": "2",
      "created_at": "2019-06-10 01:21:15",
      "updated_at": "2019-06-10 01:21:15"
    },
    {
      "id": 13,
      "matchid": "20246",
      "seriesid": "2697",
      "nxt_day": "0",
      "team1": "4",
      "team2": "10",
      "team1Key": "aus",
      "team2Key": "wi",
      "desc": "Aus vs WI, Match 10",
      "tr": "1",
      "mom": "",
      "start": 0,
      "tw": 0,
      "mchState": "",
      "win": 0,
      "strttm": "15:00",
      "strtdt": "Thu 06",
      "dt": "Jun 06,2019",
      "ddt": "Thu 06",
      "ddtcode": "1906",
      "vnu": "Trent Bridge, Nottingham",
      "mnth_yr": "Jun,2019",
      "alert": "1 ,",
      "result": "Australia won by 15 runs",
      "isTest": "0",
      "matchTypeId": "2",
      "created_at": "2019-06-10 01:21:19",
      "updated_at": "2019-06-10 01:21:19"
    },
    {
      "id": 14,
      "matchid": "20247",
      "seriesid": "2697",
      "nxt_day": "0",
      "team1": "3",
      "team2": "5",
      "team1Key": "pak",
      "team2Key": "sl",
      "desc": "Pak vs SL, Match 11",
      "tr": "1",
      "mom": "",
      "start": 0,
      "tw": 0,
      "mchState": "",
      "win": 0,
      "strttm": "15:00",
      "strtdt": "Fri 07",
      "dt": "Jun 07,2019",
      "ddt": "Fri 07",
      "ddtcode": "1906",
      "vnu": "County Ground, Bristol",
      "mnth_yr": "Jun,2019",
      "alert": "1 ,",
      "result": "Match abandoned without a ball bowled (no toss)",
      "isTest": "0",
      "matchTypeId": "2",
      "created_at": "2019-06-10 01:21:23",
      "updated_at": "2019-06-10 01:21:23"
    },
    {
      "id": 15,
      "matchid": "20248",
      "seriesid": "2697",
      "nxt_day": "0",
      "team1": "9",
      "team2": "6",
      "team1Key": "eng",
      "team2Key": "ban",
      "desc": "Eng vs Ban, Match 12",
      "tr": "1",
      "mom": "",
      "start": 0,
      "tw": 0,
      "mchState": "",
      "win": 0,
      "strttm": "15:00",
      "strtdt": "Sat 08",
      "dt": "Jun 08,2019",
      "ddt": "Sat 08",
      "ddtcode": "1906",
      "vnu": "Sophia Gardens, Cardiff",
      "mnth_yr": "Jun,2019",
      "alert": "1 ,",
      "result": "England won by 106 runs",
      "isTest": "0",
      "matchTypeId": "2",
      "created_at": "2019-06-10 01:21:28",
      "updated_at": "2019-06-10 01:21:28"
    },
    {
      "id": 16,
      "matchid": "20249",
      "seriesid": "2697",
      "nxt_day": "0",
      "team1": "96",
      "team2": "13",
      "team1Key": "afg",
      "team2Key": "nz",
      "desc": "Afg vs NZ, Match 13",
      "tr": "1",
      "mom": "",
      "start": 0,
      "tw": 0,
      "mchState": "mom",
      "win": 1,
      "strttm": "18:00",
      "strtdt": "Sat 08",
      "dt": "Jun 08,2019",
      "ddt": "Sat 08",
      "ddtcode": "1906",
      "vnu": "County Ground, Taunton",
      "mnth_yr": "Jun,2019",
      "alert": "1 ,",
      "result": "NZ won by 7 wkts",
      "isTest": "0",
      "matchTypeId": "2",
      "created_at": "2019-06-10 04:11:01",
      "updated_at": "2019-06-09 22:41:01"
    },
    {
      "id": 17,
      "matchid": "20250",
      "seriesid": "2697",
      "nxt_day": "0",
      "team1": "2",
      "team2": "4",
      "team1Key": "ind",
      "team2Key": "aus",
      "desc": "Ind vs Aus, Match 14",
      "tr": "1",
      "mom": "",
      "start": 0,
      "tw": 0,
      "mchState": "mom",
      "win": 1,
      "strttm": "15:00",
      "strtdt": "Sun 09",
      "dt": "Jun 09,2019",
      "ddt": "Sun 09",
      "ddtcode": "1906",
      "vnu": "The Oval, London",
      "mnth_yr": "Jun,2019",
      "alert": "1 ,",
      "result": "IND won by 36 runs",
      "isTest": "0",
      "matchTypeId": "2",
      "created_at": "2019-06-11 05:05:02",
      "updated_at": "2019-06-10 23:35:02"
    },
    {
      "id": 18,
      "matchid": "20251",
      "seriesid": "2697",
      "nxt_day": "0",
      "team1": "11",
      "team2": "10",
      "team1Key": "rsa",
      "team2Key": "wi",
      "desc": "RSA vs WI, Match 15",
      "tr": "1",
      "mom": "",
      "start": 1,
      "tw": 1,
      "mchState": "complete",
      "win": 1,
      "strttm": "15:00",
      "strtdt": "Mon 10",
      "dt": "Jun 10,2019",
      "ddt": "Mon 10",
      "ddtcode": "1906",
      "vnu": "Rose Bowl, Southampton",
      "mnth_yr": "Jun,2019",
      "alert": "1 ,",
      "result": "No result",
      "isTest": "0",
      "matchTypeId": "2",
      "created_at": "2019-06-11 05:25:02",
      "updated_at": "2019-06-10 23:55:02"
    },
    {
      "id": 19,
      "matchid": "20252",
      "seriesid": "2697",
      "nxt_day": "0",
      "team1": "6",
      "team2": "5",
      "team1Key": "ban",
      "team2Key": "sl",
      "desc": "Ban vs SL, Match 16",
      "tr": "1",
      "mom": "",
      "start": 0,
      "tw": 0,
      "mchState": "abandon",
      "win": 0,
      "strttm": "15:00",
      "strtdt": "Tue 11",
      "dt": "Jun 11,2019",
      "ddt": "Tue 11",
      "ddtcode": "1906",
      "vnu": "County Ground, Bristol",
      "mnth_yr": "Jun,2019",
      "alert": "1 ,",
      "result": "Match abandoned without toss due to rain",
      "isTest": "0",
      "matchTypeId": "2",
      "created_at": "2019-06-12 13:48:02",
      "updated_at": "2019-06-12 08:18:02"
    },
    {
      "id": 20,
      "matchid": "20253",
      "seriesid": "2697",
      "nxt_day": "0",
      "team1": "4",
      "team2": "3",
      "team1Key": "aus",
      "team2Key": "pak",
      "desc": "Aus vs Pak, Match 17",
      "tr": "1",
      "mom": "",
      "start": 1,
      "tw": 1,
      "mchState": "mom",
      "win": 1,
      "strttm": "15:00",
      "strtdt": "Wed 12",
      "dt": "Jun 12,2019",
      "ddt": "Wed 12",
      "ddtcode": "1906",
      "vnu": "County Ground, Taunton",
      "mnth_yr": "Jun,2019",
      "alert": "1 ,",
      "result": "AUS won by 41 runs",
      "isTest": "0",
      "matchTypeId": "2",
      "created_at": "2019-06-14 05:57:01",
      "updated_at": "2019-06-14 00:27:01"
    },
    {
      "id": 21,
      "matchid": "20254",
      "seriesid": "2697",
      "nxt_day": "0",
      "team1": "2",
      "team2": "13",
      "team1Key": "ind",
      "team2Key": "nz",
      "desc": "Ind vs NZ, Match 18",
      "tr": "1",
      "mom": "",
      "start": 0,
      "tw": 0,
      "mchState": "abandon",
      "win": 0,
      "strttm": "15:00",
      "strtdt": "Thu 13",
      "dt": "Jun 13,2019",
      "ddt": "Thu 13",
      "ddtcode": "1906",
      "vnu": "Trent Bridge, Nottingham",
      "mnth_yr": "Jun,2019",
      "alert": "1 ,",
      "result": "Match abandoned without toss (due to rain)",
      "isTest": "0",
      "matchTypeId": "2",
      "created_at": "2019-06-14 08:30:02",
      "updated_at": "2019-06-14 03:00:02"
    },
    {
      "id": 22,
      "matchid": "20255",
      "seriesid": "2697",
      "nxt_day": "0",
      "team1": "9",
      "team2": "10",
      "team1Key": "eng",
      "team2Key": "wi",
      "desc": "Eng vs WI, Match 19",
      "tr": "1",
      "mom": "",
      "start": 1,
      "tw": 1,
      "mchState": "mom",
      "win": 1,
      "strttm": "15:00",
      "strtdt": "Fri 14",
      "dt": "Jun 14,2019",
      "ddt": "Fri 14",
      "ddtcode": "1906",
      "vnu": "Rose Bowl, Southampton",
      "mnth_yr": "Jun,2019",
      "alert": "1 ,",
      "result": "ENG won by 8 wkts",
      "isTest": "0",
      "matchTypeId": "2",
      "created_at": "2019-06-15 14:24:01",
      "updated_at": "2019-06-15 08:54:01"
    },
    {
      "id": 23,
      "matchid": "20256",
      "seriesid": "2697",
      "nxt_day": "0",
      "team1": "5",
      "team2": "4",
      "team1Key": "sl",
      "team2Key": "aus",
      "desc": "SL vs Aus, Match 20",
      "tr": "1",
      "mom": "",
      "start": 1,
      "tw": 1,
      "mchState": "mom",
      "win": 1,
      "strttm": "15:00",
      "strtdt": "Sat 15",
      "dt": "Jun 15,2019",
      "ddt": "Sat 15",
      "ddtcode": "1906",
      "vnu": "The Oval, London",
      "mnth_yr": "Jun,2019",
      "alert": "1 ,",
      "result": "AUS won by 87 runs",
      "isTest": "0",
      "matchTypeId": "2",
      "created_at": "2019-06-17 04:30:02",
      "updated_at": "2019-06-16 23:00:02"
    },
    {
      "id": 24,
      "matchid": "20257",
      "seriesid": "2697",
      "nxt_day": "0",
      "team1": "11",
      "team2": "96",
      "team1Key": "rsa",
      "team2Key": "afg",
      "desc": "RSA vs Afg, Match 21",
      "tr": "1",
      "mom": "",
      "start": 1,
      "tw": 1,
      "mchState": "mom",
      "win": 1,
      "strttm": "18:00",
      "strtdt": "Sat 15",
      "dt": "Jun 15,2019",
      "ddt": "Sat 15",
      "ddtcode": "1906",
      "vnu": "Sophia Gardens, Cardiff",
      "mnth_yr": "Jun,2019",
      "alert": "1 ,",
      "result": "RSA won by 9 wkts (DLS method)",
      "isTest": "0",
      "matchTypeId": "2",
      "created_at": "2019-06-17 04:30:02",
      "updated_at": "2019-06-16 23:00:02"
    },
    {
      "id": 25,
      "matchid": "20258",
      "seriesid": "2697",
      "nxt_day": "0",
      "team1": "2",
      "team2": "3",
      "team1Key": "ind",
      "team2Key": "pak",
      "desc": "Ind vs Pak, Match 22",
      "tr": "1",
      "mom": "",
      "start": 1,
      "tw": 1,
      "mchState": "mom",
      "win": 1,
      "strttm": "15:00",
      "strtdt": "Sun 16",
      "dt": "Jun 16,2019",
      "ddt": "Sun 16",
      "ddtcode": "1906",
      "vnu": "Old Trafford, Manchester",
      "mnth_yr": "Jun,2019",
      "alert": "1 ,",
      "result": "IND won by 89 runs (DLS method)",
      "isTest": "0",
      "matchTypeId": "2",
      "created_at": "2019-06-18 06:04:01",
      "updated_at": "2019-06-18 00:34:01"
    },
    {
      "id": 26,
      "matchid": "20259",
      "seriesid": "2697",
      "nxt_day": "0",
      "team1": "10",
      "team2": "6",
      "team1Key": "wi",
      "team2Key": "ban",
      "desc": "WI vs Ban, Match 23",
      "tr": "1",
      "mom": "",
      "start": 1,
      "tw": 1,
      "mchState": "mom",
      "win": 1,
      "strttm": "15:00",
      "strtdt": "Mon 17",
      "dt": "Jun 17,2019",
      "ddt": "Mon 17",
      "ddtcode": "1906",
      "vnu": "County Ground, Taunton",
      "mnth_yr": "Jun,2019",
      "alert": "1 ,",
      "result": "BAN won by 7 wkts",
      "isTest": "0",
      "matchTypeId": "2",
      "created_at": "2019-06-19 03:32:01",
      "updated_at": "2019-06-18 22:02:01"
    },
    {
      "id": 27,
      "matchid": "20260",
      "seriesid": "2697",
      "nxt_day": "0",
      "team1": "9",
      "team2": "96",
      "team1Key": "eng",
      "team2Key": "afg",
      "desc": "Eng vs Afg, Match 24",
      "tr": "1",
      "mom": "",
      "start": 1,
      "tw": 1,
      "mchState": "mom",
      "win": 1,
      "strttm": "15:00",
      "strtdt": "Tue 18",
      "dt": "Jun 18,2019",
      "ddt": "Tue 18",
      "ddtcode": "1906",
      "vnu": "Old Trafford, Manchester",
      "mnth_yr": "Jun,2019",
      "alert": "1 ,",
      "result": "ENG won by 150 runs",
      "isTest": "0",
      "matchTypeId": "2",
      "created_at": "2019-06-20 04:53:02",
      "updated_at": "2019-06-19 23:23:02"
    },
    {
      "id": 28,
      "matchid": "20261",
      "seriesid": "2697",
      "nxt_day": "0",
      "team1": "13",
      "team2": "11",
      "team1Key": "nz",
      "team2Key": "rsa",
      "desc": "NZ vs RSA, Match 25",
      "tr": "1",
      "mom": "",
      "start": 1,
      "tw": 0,
      "mchState": "mom",
      "win": 1,
      "strttm": "15:00",
      "strtdt": "Wed 19",
      "dt": "Jun 19,2019",
      "ddt": "Wed 19",
      "ddtcode": "1906",
      "vnu": "Edgbaston, Birmingham",
      "mnth_yr": "Jun,2019",
      "alert": "1 ,",
      "result": "NZ won by 4 wkts",
      "isTest": "0",
      "matchTypeId": "2",
      "created_at": "2019-06-21 03:39:01",
      "updated_at": "2019-06-20 22:09:01"
    },
    {
      "id": 29,
      "matchid": "20262",
      "seriesid": "2697",
      "nxt_day": "0",
      "team1": "4",
      "team2": "6",
      "team1Key": "aus",
      "team2Key": "ban",
      "desc": "Aus vs Ban, Match 26",
      "tr": "1",
      "mom": "",
      "start": 1,
      "tw": 1,
      "mchState": "mom",
      "win": 1,
      "strttm": "15:00",
      "strtdt": "Thu 20",
      "dt": "Jun 20,2019",
      "ddt": "Thu 20",
      "ddtcode": "1906",
      "vnu": "Trent Bridge, Nottingham",
      "mnth_yr": "Jun,2019",
      "alert": "1 ,",
      "result": "AUS won by 48 runs",
      "isTest": "0",
      "matchTypeId": "2",
      "created_at": "2019-06-21 13:44:01",
      "updated_at": "2019-06-21 08:14:01"
    },
    {
      "id": 30,
      "matchid": "20263",
      "seriesid": "2697",
      "nxt_day": "0",
      "team1": "9",
      "team2": "5",
      "team1Key": "eng",
      "team2Key": "sl",
      "desc": "Eng vs SL, Match 27",
      "tr": "1",
      "mom": "",
      "start": 1,
      "tw": 1,
      "mchState": "mom",
      "win": 1,
      "strttm": "15:00",
      "strtdt": "Fri 21",
      "dt": "Jun 21,2019",
      "ddt": "Fri 21",
      "ddtcode": "1906",
      "vnu": "Headingley, Leeds",
      "mnth_yr": "Jun,2019",
      "alert": "1 ,",
      "result": "SL won by 20 runs",
      "isTest": "0",
      "matchTypeId": "2",
      "created_at": "2019-06-22 07:23:02",
      "updated_at": "2019-06-22 01:53:02"
    },
    {
      "id": 31,
      "matchid": "20264",
      "seriesid": "2697",
      "nxt_day": "0",
      "team1": "2",
      "team2": "96",
      "team1Key": "ind",
      "team2Key": "afg",
      "desc": "Ind vs Afg, Match 28",
      "tr": "1",
      "mom": "",
      "start": 1,
      "tw": 1,
      "mchState": "mom",
      "win": 1,
      "strttm": "15:00",
      "strtdt": "Sat 22",
      "dt": "Jun 22,2019",
      "ddt": "Sat 22",
      "ddtcode": "1906",
      "vnu": "Rose Bowl, Southampton",
      "mnth_yr": "Jun,2019",
      "alert": "1 ,",
      "result": "IND won by 11 runs",
      "isTest": "0",
      "matchTypeId": "2",
      "created_at": "2019-06-23 05:55:01",
      "updated_at": "2019-06-23 00:25:01"
    },
    {
      "id": 32,
      "matchid": "20265",
      "seriesid": "2697",
      "nxt_day": "0",
      "team1": "10",
      "team2": "13",
      "team1Key": "wi",
      "team2Key": "nz",
      "desc": "WI vs NZ, Match 29",
      "tr": "1",
      "mom": "",
      "start": 1,
      "tw": 1,
      "mchState": "mom",
      "win": 1,
      "strttm": "18:00",
      "strtdt": "Sat 22",
      "dt": "Jun 22,2019",
      "ddt": "Sat 22",
      "ddtcode": "1906",
      "vnu": "Old Trafford, Manchester",
      "mnth_yr": "Jun,2019",
      "alert": "1 ,",
      "result": "NZ won by 5 runs",
      "isTest": "0",
      "matchTypeId": "2",
      "created_at": "2019-06-24 04:58:02",
      "updated_at": "2019-06-23 23:28:02"
    },
    {
      "id": 33,
      "matchid": "20266",
      "seriesid": "2697",
      "nxt_day": "0",
      "team1": "3",
      "team2": "11",
      "team1Key": "pak",
      "team2Key": "rsa",
      "desc": "Pak vs RSA, Match 30",
      "tr": "1",
      "mom": "",
      "start": 1,
      "tw": 1,
      "mchState": "mom",
      "win": 1,
      "strttm": "15:00",
      "strtdt": "Sun 23",
      "dt": "Jun 23,2019",
      "ddt": "Sun 23",
      "ddtcode": "1906",
      "vnu": "Lord's, London",
      "mnth_yr": "Jun,2019",
      "alert": "1 ,",
      "result": "PAK won by 49 runs",
      "isTest": "0",
      "matchTypeId": "2",
      "created_at": "2019-06-24 21:46:02",
      "updated_at": "2019-06-24 16:16:02"
    },
    {
      "id": 34,
      "matchid": "20267",
      "seriesid": "2697",
      "nxt_day": "0",
      "team1": "6",
      "team2": "96",
      "team1Key": "ban",
      "team2Key": "afg",
      "desc": "Ban vs Afg, Match 31",
      "tr": "1",
      "mom": "",
      "start": 1,
      "tw": 0,
      "mchState": "mom",
      "win": 1,
      "strttm": "15:00",
      "strtdt": "Mon 24",
      "dt": "Jun 24,2019",
      "ddt": "Mon 24",
      "ddtcode": "1906",
      "vnu": "Rose Bowl, Southampton",
      "mnth_yr": "Jun,2019",
      "alert": "1 ,",
      "result": "BAN won by 62 runs",
      "isTest": "0",
      "matchTypeId": "2",
      "created_at": "2019-06-25 12:17:02",
      "updated_at": "2019-06-25 06:47:02"
    },
    {
      "id": 35,
      "matchid": "20268",
      "seriesid": "2697",
      "nxt_day": "0",
      "team1": "9",
      "team2": "4",
      "team1Key": "eng",
      "team2Key": "aus",
      "desc": "Eng vs Aus, Match 32",
      "tr": "1",
      "mom": "",
      "start": 1,
      "tw": 1,
      "mchState": "mom",
      "win": 1,
      "strttm": "15:00",
      "strtdt": "Tue 25",
      "dt": "Jun 25,2019",
      "ddt": "Tue 25",
      "ddtcode": "1906",
      "vnu": "Lord's, London",
      "mnth_yr": "Jun,2019",
      "alert": "1 ,",
      "result": "AUS won by 64 runs",
      "isTest": "0",
      "matchTypeId": "2",
      "created_at": "2019-06-27 02:09:01",
      "updated_at": "2019-06-26 20:39:01"
    },
    {
      "id": 36,
      "matchid": "20269",
      "seriesid": "2697",
      "nxt_day": "0",
      "team1": "13",
      "team2": "3",
      "team1Key": "nz",
      "team2Key": "pak",
      "desc": "NZ vs Pak, Match 33",
      "tr": "1",
      "mom": "",
      "start": 1,
      "tw": 0,
      "mchState": "mom",
      "win": 1,
      "strttm": "15:00",
      "strtdt": "Wed 26",
      "dt": "Jun 26,2019",
      "ddt": "Wed 26",
      "ddtcode": "1906",
      "vnu": "Edgbaston, Birmingham",
      "mnth_yr": "Jun,2019",
      "alert": "1 ,",
      "result": "PAK won by 6 wkts",
      "isTest": "0",
      "matchTypeId": "2",
      "created_at": "2019-06-28 03:42:02",
      "updated_at": "2019-06-27 22:12:02"
    },
    {
      "id": 37,
      "matchid": "20270",
      "seriesid": "2697",
      "nxt_day": "0",
      "team1": "10",
      "team2": "2",
      "team1Key": "wi",
      "team2Key": "ind",
      "desc": "WI vs Ind, Match 34",
      "tr": "1",
      "mom": "",
      "start": 1,
      "tw": 1,
      "mchState": "mom",
      "win": 1,
      "strttm": "15:00",
      "strtdt": "Thu 27",
      "dt": "Jun 27,2019",
      "ddt": "Thu 27",
      "ddtcode": "1906",
      "vnu": "Old Trafford, Manchester",
      "mnth_yr": "Jun,2019",
      "alert": "1 ,",
      "result": "IND won by 125 runs",
      "isTest": "0",
      "matchTypeId": "2",
      "created_at": "2019-06-28 14:03:02",
      "updated_at": "2019-06-28 08:33:02"
    },
    {
      "id": 38,
      "matchid": "20271",
      "seriesid": "2697",
      "nxt_day": "0",
      "team1": "5",
      "team2": "11",
      "team1Key": "sl",
      "team2Key": "rsa",
      "desc": "SL vs RSA, Match 35",
      "tr": "1",
      "mom": "",
      "start": 1,
      "tw": 1,
      "mchState": "mom",
      "win": 1,
      "strttm": "15:00",
      "strtdt": "Fri 28",
      "dt": "Jun 28,2019",
      "ddt": "Fri 28",
      "ddtcode": "1906",
      "vnu": "Riverside Ground, Chester-le-Street",
      "mnth_yr": "Jun,2019",
      "alert": "1 ,",
      "result": "RSA won by 9 wkts",
      "isTest": "0",
      "matchTypeId": "2",
      "created_at": "2019-06-29 13:47:02",
      "updated_at": "2019-06-29 08:17:02"
    },
    {
      "id": 40,
      "matchid": "20272",
      "seriesid": "2697",
      "nxt_day": "0",
      "team1": "3",
      "team2": "96",
      "team1Key": "pak",
      "team2Key": "afg",
      "desc": "Pak vs Afg, Match 36",
      "tr": "1",
      "mom": "",
      "start": 1,
      "tw": 1,
      "mchState": "mom",
      "win": 1,
      "strttm": "15:00",
      "strtdt": "Sat 29",
      "dt": "Jun 29,2019",
      "ddt": "Sat 29",
      "ddtcode": "1906",
      "vnu": "Headingley, Leeds",
      "mnth_yr": "Jun,2019",
      "alert": "1 ,",
      "result": "PAK won by 3 wkts",
      "isTest": "0",
      "matchTypeId": "2",
      "created_at": "2019-06-30 08:00:01",
      "updated_at": "2019-06-30 02:30:01"
    },
    {
      "id": 41,
      "matchid": "20273",
      "seriesid": "2697",
      "nxt_day": "0",
      "team1": "13",
      "team2": "4",
      "team1Key": "nz",
      "team2Key": "aus",
      "desc": "NZ vs Aus, Match 37",
      "tr": "1",
      "mom": "",
      "start": 1,
      "tw": 1,
      "mchState": "mom",
      "win": 1,
      "strttm": "18:00",
      "strtdt": "Sat 29",
      "dt": "Jun 29,2019",
      "ddt": "Sat 29",
      "ddtcode": "1906",
      "vnu": "Lord's, London",
      "mnth_yr": "Jun,2019",
      "alert": "1 ,",
      "result": "AUS won by 86 runs",
      "isTest": "0",
      "matchTypeId": "2",
      "created_at": "2019-07-01 04:45:01",
      "updated_at": "2019-06-30 23:15:01"
    },
    {
      "id": 42,
      "matchid": "20274",
      "seriesid": "2697",
      "nxt_day": "0",
      "team1": "9",
      "team2": "2",
      "team1Key": "eng",
      "team2Key": "ind",
      "desc": "Eng vs Ind, Match 38",
      "tr": "1",
      "mom": "",
      "start": 1,
      "tw": 1,
      "mchState": "mom",
      "win": 1,
      "strttm": "15:00",
      "strtdt": "Sun 30",
      "dt": "Jun 30,2019",
      "ddt": "Sun 30",
      "ddtcode": "1906",
      "vnu": "Edgbaston, Birmingham",
      "mnth_yr": "Jun,2019",
      "alert": "1 ,",
      "result": "ENG won by 31 runs",
      "isTest": "0",
      "matchTypeId": "2",
      "created_at": "2019-07-01 12:59:01",
      "updated_at": "2019-07-01 07:29:01"
    },
    {
      "id": 43,
      "matchid": "20275",
      "seriesid": "2697",
      "nxt_day": "0",
      "team1": "5",
      "team2": "10",
      "team1Key": "sl",
      "team2Key": "wi",
      "desc": "SL vs WI, Match 39",
      "tr": "1",
      "mom": "",
      "start": 1,
      "tw": 1,
      "mchState": "mom",
      "win": 1,
      "strttm": "15:00",
      "strtdt": "Mon 01",
      "dt": "Jul 01,2019",
      "ddt": "Mon 01",
      "ddtcode": "1907",
      "vnu": "Riverside Ground, Chester-le-Street",
      "mnth_yr": "Jul,2019",
      "alert": "1 ,",
      "result": "SL won by 23 runs",
      "isTest": "0",
      "matchTypeId": "2",
      "created_at": "2019-07-03 03:57:02",
      "updated_at": "2019-07-02 22:27:02"
    },
    {
      "id": 44,
      "matchid": "20276",
      "seriesid": "2697",
      "nxt_day": "0",
      "team1": "6",
      "team2": "2",
      "team1Key": "ban",
      "team2Key": "ind",
      "desc": "Ban vs Ind, Match 40",
      "tr": "1",
      "mom": "",
      "start": 1,
      "tw": 1,
      "mchState": "mom",
      "win": 1,
      "strttm": "15:00",
      "strtdt": "Tue 02",
      "dt": "Jul 02,2019",
      "ddt": "Tue 02",
      "ddtcode": "1907",
      "vnu": "Edgbaston, Birmingham",
      "mnth_yr": "Jul,2019",
      "alert": "1 ,",
      "result": "IND won by 28 runs",
      "isTest": "0",
      "matchTypeId": "2",
      "created_at": "2019-07-04 03:53:02",
      "updated_at": "2019-07-03 22:23:02"
    },
    {
      "id": 45,
      "matchid": "20277",
      "seriesid": "2697",
      "nxt_day": "0",
      "team1": "9",
      "team2": "13",
      "team1Key": "eng",
      "team2Key": "nz",
      "desc": "Eng vs NZ, Match 41",
      "tr": "1",
      "mom": "",
      "start": 1,
      "tw": 1,
      "mchState": "mom",
      "win": 1,
      "strttm": "15:00",
      "strtdt": "Wed 03",
      "dt": "Jul 03,2019",
      "ddt": "Wed 03",
      "ddtcode": "1907",
      "vnu": "Riverside Ground, Chester-le-Street",
      "mnth_yr": "Jul,2019",
      "alert": "1 ,",
      "result": "ENG won by 119 runs",
      "isTest": "0",
      "matchTypeId": "2",
      "created_at": "2019-07-05 08:03:01",
      "updated_at": "2019-07-05 02:33:01"
    },
    {
      "id": 46,
      "matchid": "20278",
      "seriesid": "2697",
      "nxt_day": "0",
      "team1": "96",
      "team2": "10",
      "team1Key": "afg",
      "team2Key": "wi",
      "desc": "Afg vs WI, Match 42",
      "tr": "1",
      "mom": "",
      "start": 1,
      "tw": 1,
      "mchState": "mom",
      "win": 1,
      "strttm": "15:00",
      "strtdt": "Thu 04",
      "dt": "Jul 04,2019",
      "ddt": "Thu 04",
      "ddtcode": "1907",
      "vnu": "Headingley, Leeds",
      "mnth_yr": "Jul,2019",
      "alert": "1 ,",
      "result": "WI won by 23 runs",
      "isTest": "0",
      "matchTypeId": "2",
      "created_at": "2019-07-05 18:38:01",
      "updated_at": "2019-07-05 13:08:01"
    },
    {
      "id": 47,
      "matchid": "20279",
      "seriesid": "2697",
      "nxt_day": "0",
      "team1": "3",
      "team2": "6",
      "team1Key": "pak",
      "team2Key": "ban",
      "desc": "Pak vs Ban, Match 43",
      "tr": "1",
      "mom": "",
      "start": 1,
      "tw": 1,
      "mchState": "mom",
      "win": 1,
      "strttm": "15:00",
      "strtdt": "Fri 05",
      "dt": "Jul 05,2019",
      "ddt": "Fri 05",
      "ddtcode": "1907",
      "vnu": "Lord's, London",
      "mnth_yr": "Jul,2019",
      "alert": "1 ,",
      "result": "PAK won by 94 runs",
      "isTest": "0",
      "matchTypeId": "2",
      "created_at": "2019-07-07 01:30:01",
      "updated_at": "2019-07-06 20:00:01"
    },
    {
      "id": 48,
      "matchid": "20280",
      "seriesid": "2697",
      "nxt_day": "0",
      "team1": "5",
      "team2": "2",
      "team1Key": "sl",
      "team2Key": "ind",
      "desc": "SL vs Ind, Match 44",
      "tr": "1",
      "mom": "",
      "start": 1,
      "tw": 1,
      "mchState": "mom",
      "win": 1,
      "strttm": "15:00",
      "strtdt": "Sat 06",
      "dt": "Jul 06,2019",
      "ddt": "Sat 06",
      "ddtcode": "1907",
      "vnu": "Headingley, Leeds",
      "mnth_yr": "Jul,2019",
      "alert": "1 ,",
      "result": "IND won by 7 wkts",
      "isTest": "0",
      "matchTypeId": "2",
      "created_at": "2019-07-08 05:04:01",
      "updated_at": "2019-07-07 23:34:01"
    },
    {
      "id": 49,
      "matchid": "20281",
      "seriesid": "2697",
      "nxt_day": "0",
      "team1": "4",
      "team2": "11",
      "team1Key": "aus",
      "team2Key": "rsa",
      "desc": "Aus vs RSA, Match 45",
      "tr": "1",
      "mom": "",
      "start": 1,
      "tw": 1,
      "mchState": "mom",
      "win": 1,
      "strttm": "18:00",
      "strtdt": "Sat 06",
      "dt": "Jul 06,2019",
      "ddt": "Sat 06",
      "ddtcode": "1907",
      "vnu": "Old Trafford, Manchester",
      "mnth_yr": "Jul,2019",
      "alert": "1 ,",
      "result": "RSA won by 10 runs",
      "isTest": "0",
      "matchTypeId": "2",
      "created_at": "2019-07-09 04:11:02",
      "updated_at": "2019-07-08 22:41:02"
    },
    {
      "id": 50,
      "matchid": "20282",
      "seriesid": "2697",
      "nxt_day": "0",
      "team1": "106",
      "team2": "106",
      "team1Key": "ind",
      "team2Key": "nZ",
      "desc": "Ind vs NZ, 1st Semi-Final (1 v 4)",
      "tr": "1",
      "mom": "",
      "start": 1,
      "tw": 1,
      "mchState": "mom",
      "win": 1,
      "strttm": "15:00",
      "strtdt": "Tue 09",
      "dt": "Jul 09,2019",
      "ddt": "Tue 09",
      "ddtcode": "1907",
      "vnu": "Old Trafford, Manchester",
      "mnth_yr": "Jul,2019",
      "alert": "1 ,",
      "result": "NZ won by 18 runs",
      "isTest": "0",
      "matchTypeId": "2",
      "created_at": "2019-07-12 23:19:02",
      "updated_at": "2019-07-12 17:49:02"
    },
    {
      "id": 51,
      "matchid": "20283",
      "seriesid": "2697",
      "nxt_day": "0",
      "team1": "106",
      "team2": "106",
      "team1Key": "aus",
      "team2Key": "eng",
      "desc": "Aus vs Eng, 2nd Semi-Final (2 v 3)",
      "tr": "1",
      "mom": "",
      "start": 1,
      "tw": 1,
      "mchState": "mom",
      "win": 1,
      "strttm": "15:00",
      "strtdt": "Thu 11",
      "dt": "Jul 11,2019",
      "ddt": "Thu 11",
      "ddtcode": "1907",
      "vnu": "Edgbaston, Birmingham",
      "mnth_yr": "Jul,2019",
      "alert": "1 ,",
      "result": "ENG won by 8 wkts",
      "isTest": "0",
      "matchTypeId": "2",
      "created_at": "2019-07-13 21:13:02",
      "updated_at": "2019-07-13 15:43:02"
    }

  ]
}
