{
    "Innings": [
        {
            "innings_id": "4",
            "bat_team_id": "9",
            "bat_team_name": "England",
            "bowl_team_id": "4",
            "score": "362",
            "wkts": "9",
            "ovr": "125.4",
            "batsmen": [
                {
                    "id": "6536",
                    "out_desc": "c Warner b Hazlewood",
                    "r": "7",
                    "b": "21",
                    "4s": "0",
                    "6s": "0"
                },
                {
                    "id": "6534",
                    "out_desc": " b Pat Cummins",
                    "r": "8",
                    "b": "18",
                    "4s": "1",
                    "6s": "0"
                },
                {
                    "id": "8019",
                    "out_desc": "c Warner b Lyon",
                    "r": "77",
                    "b": "205",
                    "4s": "7",
                    "6s": "0"
                },
                {
                    "id": "1995",
                    "out_desc": "c Paine b Hazlewood",
                    "r": "50",
                    "b": "155",
                    "4s": "8",
                    "6s": "0"
                },
                {
                    "id": "6557",
                    "out_desc": "not out",
                    "r": "135",
                    "b": "219",
                    "4s": "11",
                    "6s": "8"
                },
                {
                    "id": "6507",
                    "out_desc": "c Labuschagne b Hazlewood",
                    "r": "36",
                    "b": "68",
                    "4s": "4",
                    "6s": "0"
                },
                {
                    "id": "2258",
                    "out_desc": "run out (Head) ",
                    "r": "1",
                    "b": "9",
                    "4s": "0",
                    "6s": "0"
                },
                {
                    "id": "6670",
                    "out_desc": "c Wade b Hazlewood",
                    "r": "1",
                    "b": "8",
                    "4s": "0",
                    "6s": "0"
                },
                {
                    "id": "11540",
                    "out_desc": "c Head b Lyon",
                    "r": "15",
                    "b": "33",
                    "4s": "3",
                    "6s": "0"
                },
                {
                    "id": "554",
                    "out_desc": "lbw b James Pattinson",
                    "r": "0",
                    "b": "2",
                    "4s": "0",
                    "6s": "0"
                },
                {
                    "id": "8578",
                    "out_desc": "not out",
                    "r": "1",
                    "b": "17",
                    "4s": "0",
                    "6s": "0"
                }
            ],
            "bowlers": [
                {
                    "id": "8095",
                    "o": "24.4",
                    "m": "5",
                    "r": "80",
                    "w": "1",
                    "n": "1",
                    "wd": "1"
                },
                {
                    "id": "6258",
                    "o": "31",
                    "m": "11",
                    "r": "85",
                    "w": "4",
                    "n": "0",
                    "wd": "1"
                },
                {
                    "id": "7850",
                    "o": "39",
                    "m": "5",
                    "r": "114",
                    "w": "2",
                    "n": "0",
                    "wd": "0"
                },
                {
                    "id": "2283",
                    "o": "25",
                    "m": "9",
                    "r": "47",
                    "w": "1",
                    "n": "0",
                    "wd": "8"
                },
                {
                    "id": "10182",
                    "o": "6",
                    "m": "0",
                    "r": "16",
                    "w": "0",
                    "n": "0",
                    "wd": "0"
                }
            ],
            "extras": {
                "t": "31",
                "b": "5",
                "lb": "15",
                "wd": "10",
                "nb": "1",
                "p": "0"
            },
            "fow": [
                {
                    "id": "6536",
                    "score": "15",
                    "wkt_nbr": "1",
                    "over": "5.6"
                },
                {
                    "id": "6534",
                    "score": "15",
                    "wkt_nbr": "2",
                    "over": "6.3"
                },
                {
                    "id": "1995",
                    "score": "141",
                    "wkt_nbr": "3",
                    "over": "59.3"
                },
                {
                    "id": "8019",
                    "score": "159",
                    "wkt_nbr": "4",
                    "over": "77.3"
                },
                {
                    "id": "6507",
                    "score": "245",
                    "wkt_nbr": "5",
                    "over": "99.1"
                },
                {
                    "id": "2258",
                    "score": "253",
                    "wkt_nbr": "6",
                    "over": "102.2"
                },
                {
                    "id": "6670",
                    "score": "261",
                    "wkt_nbr": "7",
                    "over": "105.6"
                },
                {
                    "id": "11540",
                    "score": "286",
                    "wkt_nbr": "8",
                    "over": "114.6"
                },
                {
                    "id": "554",
                    "score": "286",
                    "wkt_nbr": "9",
                    "over": "115.2"
                }
            ]
        },
        {
            "innings_id": "3",
            "bat_team_id": "4",
            "bat_team_name": "Australia",
            "bowl_team_id": "9",
            "score": "246",
            "wkts": "10",
            "ovr": "75.2",
            "batsmen": [
                {
                    "id": "7776",
                    "out_desc": "b Jack Leach",
                    "r": "19",
                    "b": "39",
                    "4s": "3",
                    "6s": "0"
                },
                {
                    "id": "1739",
                    "out_desc": "lbw b Broad",
                    "r": "0",
                    "b": "2",
                    "4s": "0",
                    "6s": "0"
                },
                {
                    "id": "6635",
                    "out_desc": "c Roy b Chris Woakes",
                    "r": "23",
                    "b": "38",
                    "4s": "4",
                    "6s": "0"
                },
                {
                    "id": "10182",
                    "out_desc": "run out (J Denly/Bairstow)",
                    "r": "80",
                    "b": "187",
                    "4s": "8",
                    "6s": "0"
                },
                {
                    "id": "8497",
                    "out_desc": "b Stokes",
                    "r": "25",
                    "b": "56",
                    "4s": "3",
                    "6s": "0"
                },
                {
                    "id": "1649",
                    "out_desc": "c Bairstow b Stokes",
                    "r": "33",
                    "b": "59",
                    "4s": "6",
                    "6s": "0"
                },
                {
                    "id": "1994",
                    "out_desc": "c J Denly b Broad",
                    "r": "0",
                    "b": "2",
                    "4s": "0",
                    "6s": "0"
                },
                {
                    "id": "2283",
                    "out_desc": "c Root b Jofra Archer",
                    "r": "20",
                    "b": "48",
                    "4s": "2",
                    "6s": "0"
                },
                {
                    "id": "8095",
                    "out_desc": "c Rory Burns b Stokes",
                    "r": "6",
                    "b": "6",
                    "4s": "1",
                    "6s": "0"
                },
                {
                    "id": "7850",
                    "out_desc": "b Jofra Archer",
                    "r": "9",
                    "b": "17",
                    "4s": "1",
                    "6s": "0"
                },
                {
                    "id": "6258",
                    "out_desc": "not out",
                    "r": "4",
                    "b": "5",
                    "4s": "1",
                    "6s": "0"
                }
            ],
            "bowlers": [
                {
                    "id": "11540",
                    "o": "14",
                    "m": "2",
                    "r": "40",
                    "w": "2",
                    "n": "3",
                    "wd": "1"
                },
                {
                    "id": "554",
                    "o": "16",
                    "m": "2",
                    "r": "52",
                    "w": "2",
                    "n": "0",
                    "wd": "1"
                },
                {
                    "id": "6670",
                    "o": "10",
                    "m": "1",
                    "r": "34",
                    "w": "1",
                    "n": "0",
                    "wd": "0"
                },
                {
                    "id": "8578",
                    "o": "11",
                    "m": "0",
                    "r": "46",
                    "w": "1",
                    "n": "0",
                    "wd": "0"
                },
                {
                    "id": "6557",
                    "o": "24.2",
                    "m": "7",
                    "r": "56",
                    "w": "3",
                    "n": "4",
                    "wd": "0"
                }
            ],
            "extras": {
                "t": "27",
                "b": "5",
                "lb": "13",
                "wd": "2",
                "nb": "7",
                "p": "0"
            },
            "fow": [
                {
                    "id": "1739",
                    "score": "10",
                    "wkt_nbr": "1",
                    "over": "1.2"
                },
                {
                    "id": "7776",
                    "score": "36",
                    "wkt_nbr": "2",
                    "over": "11.1"
                },
                {
                    "id": "6635",
                    "score": "52",
                    "wkt_nbr": "3",
                    "over": "14.1"
                },
                {
                    "id": "8497",
                    "score": "97",
                    "wkt_nbr": "4",
                    "over": "32.2"
                },
                {
                    "id": "1649",
                    "score": "163",
                    "wkt_nbr": "5",
                    "over": "52.6"
                },
                {
                    "id": "1994",
                    "score": "164",
                    "wkt_nbr": "6",
                    "over": "53.3"
                },
                {
                    "id": "2283",
                    "score": "215",
                    "wkt_nbr": "7",
                    "over": "67.6"
                },
                {
                    "id": "8095",
                    "score": "226",
                    "wkt_nbr": "8",
                    "over": "70.2"
                },
                {
                    "id": "10182",
                    "score": "237",
                    "wkt_nbr": "9",
                    "over": "73.3"
                },
                {
                    "id": "7850",
                    "score": "246",
                    "wkt_nbr": "10",
                    "over": "75.2"
                }
            ]
        },
        {
            "innings_id": "2",
            "bat_team_id": "9",
            "bat_team_name": "England",
            "bowl_team_id": "4",
            "score": "67",
            "wkts": "10",
            "ovr": "27.5",
            "batsmen": [
                {
                    "id": "6536",
                    "out_desc": "c Paine b Pat Cummins",
                    "r": "9",
                    "b": "28",
                    "4s": "1",
                    "6s": "0"
                },
                {
                    "id": "6534",
                    "out_desc": "c Warner b Hazlewood",
                    "r": "9",
                    "b": "15",
                    "4s": "2",
                    "6s": "0"
                },
                {
                    "id": "8019",
                    "out_desc": "c Warner b Hazlewood",
                    "r": "0",
                    "b": "2",
                    "4s": "0",
                    "6s": "0"
                },
                {
                    "id": "1995",
                    "out_desc": "c Paine b James Pattinson",
                    "r": "12",
                    "b": "49",
                    "4s": "1",
                    "6s": "0"
                },
                {
                    "id": "6557",
                    "out_desc": "c Warner b James Pattinson",
                    "r": "8",
                    "b": "13",
                    "4s": "1",
                    "6s": "0"
                },
                {
                    "id": "6507",
                    "out_desc": "c Warner b Hazlewood",
                    "r": "4",
                    "b": "15",
                    "4s": "1",
                    "6s": "0"
                },
                {
                    "id": "2258",
                    "out_desc": "c Khawaja b Hazlewood",
                    "r": "5",
                    "b": "16",
                    "4s": "1",
                    "6s": "0"
                },
                {
                    "id": "6670",
                    "out_desc": "c Paine b Pat Cummins",
                    "r": "5",
                    "b": "9",
                    "4s": "1",
                    "6s": "0"
                },
                {
                    "id": "11540",
                    "out_desc": "c Paine b Pat Cummins",
                    "r": "7",
                    "b": "8",
                    "4s": "1",
                    "6s": "0"
                },
                {
                    "id": "554",
                    "out_desc": "not out",
                    "r": "4",
                    "b": "5",
                    "4s": "1",
                    "6s": "0"
                },
                {
                    "id": "8578",
                    "out_desc": "b Hazlewood",
                    "r": "1",
                    "b": "7",
                    "4s": "0",
                    "6s": "0"
                }
            ],
            "bowlers": [
                {
                    "id": "8095",
                    "o": "9",
                    "m": "4",
                    "r": "23",
                    "w": "3",
                    "n": "0",
                    "wd": "0"
                },
                {
                    "id": "6258",
                    "o": "12.5",
                    "m": "2",
                    "r": "30",
                    "w": "5",
                    "n": "0",
                    "wd": "0"
                },
                {
                    "id": "7850",
                    "o": "1",
                    "m": "0",
                    "r": "2",
                    "w": "0",
                    "n": "0",
                    "wd": "0"
                },
                {
                    "id": "2283",
                    "o": "5",
                    "m": "2",
                    "r": "9",
                    "w": "2",
                    "n": "0",
                    "wd": "0"
                }
            ],
            "extras": {
                "t": "3",
                "b": "0",
                "lb": "3",
                "wd": "0",
                "nb": "0",
                "p": "0"
            },
            "fow": [
                {
                    "id": "6534",
                    "score": "10",
                    "wkt_nbr": "1",
                    "over": "3.5"
                },
                {
                    "id": "8019",
                    "score": "10",
                    "wkt_nbr": "2",
                    "over": "5.1"
                },
                {
                    "id": "6536",
                    "score": "20",
                    "wkt_nbr": "3",
                    "over": "10.4"
                },
                {
                    "id": "6557",
                    "score": "34",
                    "wkt_nbr": "4",
                    "over": "14.3"
                },
                {
                    "id": "1995",
                    "score": "45",
                    "wkt_nbr": "5",
                    "over": "20.1"
                },
                {
                    "id": "6507",
                    "score": "45",
                    "wkt_nbr": "6",
                    "over": "21.1"
                },
                {
                    "id": "6670",
                    "score": "54",
                    "wkt_nbr": "7",
                    "over": "24.1"
                },
                {
                    "id": "2258",
                    "score": "56",
                    "wkt_nbr": "8",
                    "over": "25.1"
                },
                {
                    "id": "11540",
                    "score": "66",
                    "wkt_nbr": "9",
                    "over": "26.4"
                },
                {
                    "id": "8578",
                    "score": "67",
                    "wkt_nbr": "10",
                    "over": "27.5"
                }
            ]
        },
        {
            "innings_id": "1",
            "bat_team_id": "4",
            "bat_team_name": "Australia",
            "bowl_team_id": "9",
            "score": "179",
            "wkts": "10",
            "ovr": "52.1",
            "batsmen": [
                {
                    "id": "1739",
                    "out_desc": "c Bairstow b Jofra Archer",
                    "r": "61",
                    "b": "94",
                    "4s": "7",
                    "6s": "0"
                },
                {
                    "id": "7776",
                    "out_desc": "c Bairstow b Jofra Archer",
                    "r": "8",
                    "b": "12",
                    "4s": "2",
                    "6s": "0"
                },
                {
                    "id": "6635",
                    "out_desc": "c Bairstow b Broad",
                    "r": "8",
                    "b": "17",
                    "4s": "1",
                    "6s": "0"
                },
                {
                    "id": "10182",
                    "out_desc": "lbw b Stokes",
                    "r": "74",
                    "b": "129",
                    "4s": "10",
                    "6s": "0"
                },
                {
                    "id": "8497",
                    "out_desc": "b Broad",
                    "r": "0",
                    "b": "6",
                    "4s": "0",
                    "6s": "0"
                },
                {
                    "id": "1649",
                    "out_desc": "b Jofra Archer",
                    "r": "0",
                    "b": "3",
                    "4s": "0",
                    "6s": "0"
                },
                {
                    "id": "1994",
                    "out_desc": "lbw b Chris Woakes",
                    "r": "11",
                    "b": "26",
                    "4s": "1",
                    "6s": "0"
                },
                {
                    "id": "2283",
                    "out_desc": "c Root b Jofra Archer",
                    "r": "2",
                    "b": "8",
                    "4s": "0",
                    "6s": "0"
                },
                {
                    "id": "8095",
                    "out_desc": "c Bairstow b Jofra Archer",
                    "r": "0",
                    "b": "13",
                    "4s": "0",
                    "6s": "0"
                },
                {
                    "id": "7850",
                    "out_desc": "lbw b Jofra Archer",
                    "r": "1",
                    "b": "4",
                    "4s": "0",
                    "6s": "0"
                },
                {
                    "id": "6258",
                    "out_desc": "not out",
                    "r": "1",
                    "b": "3",
                    "4s": "0",
                    "6s": "0"
                }
            ],
            "bowlers": [
                {
                    "id": "554",
                    "o": "14",
                    "m": "4",
                    "r": "32",
                    "w": "2",
                    "n": "0",
                    "wd": "0"
                },
                {
                    "id": "11540",
                    "o": "17.1",
                    "m": "3",
                    "r": "45",
                    "w": "6",
                    "n": "2",
                    "wd": "0"
                },
                {
                    "id": "6670",
                    "o": "12",
                    "m": "4",
                    "r": "51",
                    "w": "1",
                    "n": "0",
                    "wd": "5"
                },
                {
                    "id": "6557",
                    "o": "9",
                    "m": "0",
                    "r": "45",
                    "w": "1",
                    "n": "0",
                    "wd": "0"
                }
            ],
            "extras": {
                "t": "13",
                "b": "4",
                "lb": "2",
                "wd": "5",
                "nb": "2",
                "p": "0"
            },
            "fow": [
                {
                    "id": "7776",
                    "score": "12",
                    "wkt_nbr": "1",
                    "over": "3.6"
                },
                {
                    "id": "6635",
                    "score": "25",
                    "wkt_nbr": "2",
                    "over": "8.4"
                },
                {
                    "id": "1739",
                    "score": "136",
                    "wkt_nbr": "3",
                    "over": "31.4"
                },
                {
                    "id": "8497",
                    "score": "138",
                    "wkt_nbr": "4",
                    "over": "32.5"
                },
                {
                    "id": "1649",
                    "score": "139",
                    "wkt_nbr": "5",
                    "over": "33.6"
                },
                {
                    "id": "1994",
                    "score": "162",
                    "wkt_nbr": "6",
                    "over": "42.6"
                },
                {
                    "id": "2283",
                    "score": "173",
                    "wkt_nbr": "7",
                    "over": "45.6"
                },
                {
                    "id": "8095",
                    "score": "174",
                    "wkt_nbr": "8",
                    "over": "49.6"
                },
                {
                    "id": "10182",
                    "score": "177",
                    "wkt_nbr": "9",
                    "over": "51.2"
                },
                {
                    "id": "7850",
                    "score": "179",
                    "wkt_nbr": "10",
                    "over": "52.1"
                }
            ]
        }
    ],
    "status": "ENG won by 1 wkt",
    "state": "complete"
}

